{
  "Ansi 6 Color" : {
    "Red Component" : 0.035294117647099998,
    "Color Space" : "Calibrated",
    "Blue Component" : 0.701960784314,
    "Alpha Component" : 1,
    "Green Component" : 0.59215686274500001
  },
  "Tags" : [

  ],
  "Ansi 12 Color" : {
    "Red Component" : 0.38039215686299999,
    "Color Space" : "Calibrated",
    "Blue Component" : 0.93725490196100003,
    "Alpha Component" : 1,
    "Green Component" : 0.68627450980399995
  },
  "Ansi 4 Color" : {
    "Red Component" : 0.0039215686274500002,
    "Color Space" : "Calibrated",
    "Blue Component" : 0.73725490196099996,
    "Alpha Component" : 1,
    "Green Component" : 0.51764705882399997
  },
  "Normal Font" : "MesloLGSDZForPowerline-Regular 12",
  "Bold Color" : {
    "Red Component" : 0.67058825492858887,
    "Color Space" : "Calibrated",
    "Blue Component" : 0.74901962280273438,
    "Alpha Component" : 1,
    "Green Component" : 0.69803923368453979
  },
  "Ansi 5 Color" : {
    "Red Component" : 0.65098039215699999,
    "Color Space" : "Calibrated",
    "Blue Component" : 0.64313725490200002,
    "Alpha Component" : 1,
    "Green Component" : 0.149019607843
  },
  "Use Non-ASCII Font" : false,
  "Ansi 2 Color" : {
    "Red Component" : 0.31372549019599999,
    "Color Space" : "Calibrated",
    "Blue Component" : 0.309803921569,
    "Alpha Component" : 1,
    "Green Component" : 0.63137254901999995
  },
  "Rows" : 25,
  "Default Bookmark" : "No",
  "Cursor Guide Color" : {
    "Red Component" : 0.94117647058800002,
    "Color Space" : "Calibrated",
    "Blue Component" : 0.94117647058800002,
    "Alpha Component" : 0.25,
    "Green Component" : 0.94117647058800002
  },
  "Non-ASCII Anti Aliased" : true,
  "Use Bright Bold" : true,
  "Ansi 10 Color" : {
    "Red Component" : 0.59607843137299998,
    "Color Space" : "Calibrated",
    "Blue Component" : 0.47450980392199998,
    "Alpha Component" : 1,
    "Green Component" : 0.76470588235299997
  },
  "Ambiguous Double Width" : false,
  "Jobs to Ignore" : [
    "rlogin",
    "ssh",
    "slogin",
    "telnet"
  ],
  "Ansi 15 Color" : {
    "Red Component" : 1,
    "Color Space" : "Calibrated",
    "Blue Component" : 1,
    "Alpha Component" : 1,
    "Green Component" : 1
  },
  "Foreground Color" : {
    "Red Component" : 0.21960784313699999,
    "Color Space" : "Calibrated",
    "Blue Component" : 0.25882352941199999,
    "Alpha Component" : 1,
    "Green Component" : 0.22745098039200001
  },
  "Working Directory" : "\/Users\/tylerpoelking",
  "Blinking Cursor" : true,
  "Disable Window Resizing" : true,
  "Sync Title" : false,
  "Prompt Before Closing 2" : false,
  "BM Growl" : true,
  "Command" : "",
  "Description" : "Default",
  "Mouse Reporting" : true,
  "Screen" : -1,
  "Selection Color" : {
    "Red Component" : 0.74901960784300003,
    "Color Space" : "Calibrated",
    "Blue Component" : 1,
    "Alpha Component" : 1,
    "Green Component" : 0.80784313725500001
  },
  "Columns" : 80,
  "Idle Code" : 0,
  "Ansi 13 Color" : {
    "Red Component" : 0.77647058823500004,
    "Color Space" : "Calibrated",
    "Blue Component" : 0.86666666666699999,
    "Alpha Component" : 1,
    "Green Component" : 0.47058823529400001
  },
  "Custom Command" : "No",
  "ASCII Anti Aliased" : true,
  "Non Ascii Font" : "Monaco 12",
  "Vertical Spacing" : 1,
  "Use Bold Font" : true,
  "Option Key Sends" : 0,
  "Selected Text Color" : {
    "Red Component" : 0.21960784313699999,
    "Color Space" : "Calibrated",
    "Blue Component" : 0.25882352941199999,
    "Alpha Component" : 1,
    "Green Component" : 0.22745098039200001
  },
  "Background Color" : {
    "Red Component" : 0.98039215686299996,
    "Color Space" : "Calibrated",
    "Blue Component" : 0.98039215686299996,
    "Alpha Component" : 1,
    "Green Component" : 0.98039215686299996
  },
  "Character Encoding" : 4,
  "Ansi 11 Color" : {
    "Red Component" : 0.89803921568599998,
    "Color Space" : "Calibrated",
    "Blue Component" : 0.48235294117600003,
    "Alpha Component" : 1,
    "Green Component" : 0.75294117647100001
  },
  "Use Italic Font" : true,
  "Unlimited Scrollback" : false,
  "Keyboard Map" : {
    "0xf700-0x260000" : {
      "Action" : 10,
      "Text" : "[1;6A"
    },
    "0x37-0x40000" : {
      "Action" : 11,
      "Text" : "0x1f"
    },
    "0x32-0x40000" : {
      "Action" : 11,
      "Text" : "0x00"
    },
    "0xf709-0x20000" : {
      "Action" : 10,
      "Text" : "[17;2~"
    },
    "0xf70c-0x20000" : {
      "Action" : 10,
      "Text" : "[20;2~"
    },
    "0xf729-0x20000" : {
      "Action" : 10,
      "Text" : "[1;2H"
    },
    "0xf72b-0x40000" : {
      "Action" : 10,
      "Text" : "[1;5F"
    },
    "0xf705-0x20000" : {
      "Action" : 10,
      "Text" : "[1;2Q"
    },
    "0xf703-0x260000" : {
      "Action" : 10,
      "Text" : "[1;6C"
    },
    "0xf700-0x220000" : {
      "Action" : 10,
      "Text" : "[1;2A"
    },
    "0xf701-0x280000" : {
      "Action" : 11,
      "Text" : "0x1b 0x1b 0x5b 0x42"
    },
    "0x38-0x40000" : {
      "Action" : 11,
      "Text" : "0x7f"
    },
    "0x33-0x40000" : {
      "Action" : 11,
      "Text" : "0x1b"
    },
    "0xf703-0x220000" : {
      "Action" : 10,
      "Text" : "[1;2C"
    },
    "0xf701-0x240000" : {
      "Action" : 10,
      "Text" : "[1;5B"
    },
    "0xf70d-0x20000" : {
      "Action" : 10,
      "Text" : "[21;2~"
    },
    "0xf702-0x260000" : {
      "Action" : 10,
      "Text" : "[1;6D"
    },
    "0xf729-0x40000" : {
      "Action" : 10,
      "Text" : "[1;5H"
    },
    "0xf706-0x20000" : {
      "Action" : 10,
      "Text" : "[1;2R"
    },
    "0x34-0x40000" : {
      "Action" : 11,
      "Text" : "0x1c"
    },
    "0xf700-0x280000" : {
      "Action" : 11,
      "Text" : "0x1b 0x1b 0x5b 0x41"
    },
    "0x2d-0x40000" : {
      "Action" : 11,
      "Text" : "0x1f"
    },
    "0xf70e-0x20000" : {
      "Action" : 10,
      "Text" : "[23;2~"
    },
    "0xf702-0x220000" : {
      "Action" : 10,
      "Text" : "[1;2D"
    },
    "0xf703-0x280000" : {
      "Action" : 11,
      "Text" : "0x1b 0x1b 0x5b 0x43"
    },
    "0xf700-0x240000" : {
      "Action" : 10,
      "Text" : "[1;5A"
    },
    "0xf707-0x20000" : {
      "Action" : 10,
      "Text" : "[1;2S"
    },
    "0xf70a-0x20000" : {
      "Action" : 10,
      "Text" : "[18;2~"
    },
    "0x35-0x40000" : {
      "Action" : 11,
      "Text" : "0x1d"
    },
    "0xf70f-0x20000" : {
      "Action" : 10,
      "Text" : "[24;2~"
    },
    "0xf703-0x240000" : {
      "Action" : 10,
      "Text" : "[1;5C"
    },
    "0xf701-0x260000" : {
      "Action" : 10,
      "Text" : "[1;6B"
    },
    "0xf702-0x280000" : {
      "Action" : 11,
      "Text" : "0x1b 0x1b 0x5b 0x44"
    },
    "0xf72b-0x20000" : {
      "Action" : 10,
      "Text" : "[1;2F"
    },
    "0x36-0x40000" : {
      "Action" : 11,
      "Text" : "0x1e"
    },
    "0xf708-0x20000" : {
      "Action" : 10,
      "Text" : "[15;2~"
    },
    "0xf701-0x220000" : {
      "Action" : 10,
      "Text" : "[1;2B"
    },
    "0xf70b-0x20000" : {
      "Action" : 10,
      "Text" : "[19;2~"
    },
    "0xf702-0x240000" : {
      "Action" : 10,
      "Text" : "[1;5D"
    },
    "0xf704-0x20000" : {
      "Action" : 10,
      "Text" : "[1;2P"
    }
  },
  "Window Type" : 0,
  "Cursor Boost" : 0,
  "Cursor Type" : 2,
  "Background Image Location" : "",
  "Blur" : false,
  "Badge Color" : {
    "Red Component" : 1,
    "Color Space" : "Calibrated",
    "Blue Component" : 0,
    "Alpha Component" : 0.5,
    "Green Component" : 0
  },
  "Scrollback Lines" : 1000,
  "Send Code When Idle" : false,
  "Close Sessions On End" : true,
  "Terminal Type" : "xterm-256color",
  "Visual Bell" : true,
  "Flashing Bell" : false,
  "Silence Bell" : false,
  "Ansi 14 Color" : {
    "Red Component" : 0.337254901961,
    "Color Space" : "Calibrated",
    "Blue Component" : 0.76078431372499999,
    "Alpha Component" : 1,
    "Green Component" : 0.71372549019599996
  },
  "ASCII Ligatures" : true,